{
    "TOTAL_NUMBER_OF_SAMPLES_counter": 2,
    "timestamp": "22/01/2025 20:32:21",
    "accuracy_overall_E_EQUAL_LABEL": 50.0,
    "accuracy_overall_E_EQUAL_SCORE": 0.0,
    "accuracy_overall_E_WITHIN_LABEL_RANGE": 50.0,
    "accuracy_overall_T_EQUAL_LABEL": 50.0,
    "accuracy_overall_T_EQUAL_SCORE": 0.0,
    "accuracy_overall_T_WITHIN_LABEL_RANGE": 50.0,
    "accuracy_overall_GT_SUBSET_OF_E_EQUAL_LABEL": 0.0,
    "accuracy_overall_GT_SUBSET_OF_E_EQUAL_SCORE": 0.0,
    "accuracy_overall_GT_SUBSET_OF_E_WITHIN_LABEL_RANGE": 0.0,
    "accuracy_overall_GT_SUBSET_OF_T_EQUAL_LABEL": 0.0,
    "accuracy_overall_GT_SUBSET_OF_T_EQUAL_SCORE": 0.0,
    "accuracy_overall_GT_SUBSET_OF_T_WITHIN_LABEL_RANGE": 0.0,
    "accuracy_overall_GT_SUBSETEQUAL_OF_E_EQUAL_LABEL": 50.0,
    "accuracy_overall_GT_SUBSETEQUAL_OF_E_EQUAL_SCORE": 0.0,
    "accuracy_overall_GT_SUBSETEQUAL_OF_E_WITHIN_LABEL_RANGE": 50.0,
    "accuracy_overall_GT_SUBSETEQUAL_OF_T_EQUAL_LABEL": 50.0,
    "accuracy_overall_GT_SUBSETEQUAL_OF_T_EQUAL_SCORE": 0.0,
    "accuracy_overall_GT_SUBSETEQUAL_OF_T_WITHIN_LABEL_RANGE": 50.0,
    "accuracy_overall_E_SUBSET_OF_GT_EQUAL_LABEL": 0.0,
    "accuracy_overall_E_SUBSET_OF_GT_EQUAL_SCORE": 0.0,
    "accuracy_overall_E_SUBSET_OF_GT_WITHIN_LABEL_RANGE": 0.0,
    "accuracy_overall_E_SUBSETEQUAL_OF_GT_EQUAL_LABEL": 50.0,
    "accuracy_overall_E_SUBSETEQUAL_OF_GT_EQUAL_SCORE": 0.0,
    "accuracy_overall_E_SUBSETEQUAL_OF_GT_WITHIN_LABEL_RANGE": 50.0,
    "accuracy_overall_T_SUBSET_OF_GT_EQUAL_LABEL": 0.0,
    "accuracy_overall_T_SUBSET_OF_GT_EQUAL_SCORE": 0.0,
    "accuracy_overall_T_SUBSET_OF_GT_WITHIN_LABEL_RANGE": 0.0,
    "accuracy_overall_T_SUBSETEQUAL_OF_GT_EQUAL_LABEL": 50.0,
    "accuracy_overall_T_SUBSETEQUAL_OF_GT_EQUAL_SCORE": 0.0,
    "accuracy_overall_T_SUBSETEQUAL_OF_GT_WITHIN_LABEL_RANGE": 50.0,
    "accuracy_identical_CWE_E": 50.0,
    "accuracy_CWE_GT_SUBSET_OF_E": 0.0,
    "accuracy_CWE_E_SUBSET_OF_GT": 0.0,
    "accuracy_CWE_GT_SUBSETEQUAL_OF_E": 50.0,
    "accuracy_CWE_E_SUBSETEQUAL_OF_GT": 50.0,
    "accuracy_identical_CWE_T": 50.0,
    "accuracy_CWE_GT_SUBSET_OF_T": 0.0,
    "accuracy_CWE_T_SUBSET_OF_GT": 0.0,
    "accuracy_CWE_GT_SUBSETEQUAL_OF_T": 50.0,
    "accuracy_CWE_T_SUBSETEQUAL_OF_GT": 50.0,
    "accuracy_empty_CWE_E": 0.0,
    "accuracy_empty_CWE_T": 0.0,
    "accuracy_non_overlapped_CWE_E": 50.0,
    "accuracy_non_overlapped_CWE_T": 50.0,
    "accuracy_overlapped_CWE_E": 0.0,
    "accuracy_overlapped_CWE_T": 0.0,
    "accuracy_identical_severity_label": 50.0,
    "accuracy_severity_score_exact_match": 0.0,
    "accuracy_severity_score_label_range": 50.0,
    "accuracy_severity_score_radius_range": 50.0,
    "accuracy_SEVERITY_ERRORS": 0.0,
    "accuracy_CWE_ERRORS": 0.0,
    "accuracy_INVALID_CWE_INFERENCE_counter": 0.0,
    "accuracy_INVALID_SEVERITY_INFERENCE_counter": 0.0,
    "accuracy_severity_score_radius_range_0.5": 50.0,
    "accuracy_overall_E_WITHIN_RADIUS_RANGE_0.5": 50.0,
    "accuracy_overall_T_WITHIN_RADIUS_RANGE_0.5": 50.0,
    "accuracy_overall_GT_SUBSET_OF_E_WITHIN_RADIUS_RANGE_0.5": 0.0,
    "accuracy_overall_GT_SUBSETEQUAL_OF_E_WITHIN_RADIUS_RANGE_0.5": 50.0,
    "accuracy_overall_GT_SUBSET_OF_T_WITHIN_RADIUS_RANGE_0.5": 0.0,
    "accuracy_overall_GT_SUBSETEQUAL_OF_T_WITHIN_RADIUS_RANGE_0.5": 50.0,
    "accuracy_overall_E_SUBSET_OF_GT_WITHIN_RADIUS_RANGE_0.5": 0.0,
    "accuracy_overall_E_SUBSETEQUAL_OF_GT_WITHIN_RADIUS_RANGE_0.5": 50.0,
    "accuracy_overall_T_SUBSET_OF_GT_WITHIN_RADIUS_RANGE_0.5": 0.0,
    "accuracy_overall_T_SUBSETEQUAL_OF_GT_WITHIN_RADIUS_RANGE_0.5": 50.0,
    "accuracy_severity_score_radius_range_1": 50.0,
    "accuracy_overall_E_WITHIN_RADIUS_RANGE_1": 50.0,
    "accuracy_overall_T_WITHIN_RADIUS_RANGE_1": 50.0,
    "accuracy_overall_GT_SUBSET_OF_E_WITHIN_RADIUS_RANGE_1": 0.0,
    "accuracy_overall_GT_SUBSETEQUAL_OF_E_WITHIN_RADIUS_RANGE_1": 50.0,
    "accuracy_overall_GT_SUBSET_OF_T_WITHIN_RADIUS_RANGE_1": 0.0,
    "accuracy_overall_GT_SUBSETEQUAL_OF_T_WITHIN_RADIUS_RANGE_1": 50.0,
    "accuracy_overall_E_SUBSET_OF_GT_WITHIN_RADIUS_RANGE_1": 0.0,
    "accuracy_overall_E_SUBSETEQUAL_OF_GT_WITHIN_RADIUS_RANGE_1": 50.0,
    "accuracy_overall_T_SUBSET_OF_GT_WITHIN_RADIUS_RANGE_1": 0.0,
    "accuracy_overall_T_SUBSETEQUAL_OF_GT_WITHIN_RADIUS_RANGE_1": 50.0,
    "accuracy_severity_score_radius_range_1.5": 50.0,
    "accuracy_overall_E_WITHIN_RADIUS_RANGE_1.5": 50.0,
    "accuracy_overall_T_WITHIN_RADIUS_RANGE_1.5": 50.0,
    "accuracy_overall_GT_SUBSET_OF_E_WITHIN_RADIUS_RANGE_1.5": 0.0,
    "accuracy_overall_GT_SUBSETEQUAL_OF_E_WITHIN_RADIUS_RANGE_1.5": 50.0,
    "accuracy_overall_GT_SUBSET_OF_T_WITHIN_RADIUS_RANGE_1.5": 0.0,
    "accuracy_overall_GT_SUBSETEQUAL_OF_T_WITHIN_RADIUS_RANGE_1.5": 50.0,
    "accuracy_overall_E_SUBSET_OF_GT_WITHIN_RADIUS_RANGE_1.5": 0.0,
    "accuracy_overall_E_SUBSETEQUAL_OF_GT_WITHIN_RADIUS_RANGE_1.5": 50.0,
    "accuracy_overall_T_SUBSET_OF_GT_WITHIN_RADIUS_RANGE_1.5": 0.0,
    "accuracy_overall_T_SUBSETEQUAL_OF_GT_WITHIN_RADIUS_RANGE_1.5": 50.0,
    "metrics": {
        "SEVERITY_ERROR_counter": 0,
        "CWE_ERROR_counter": 0,
        "INVALID_SEVERITY_INFERENCE_counter": 0,
        "INVALID_CWE_INFERENCE_counter": 0,
        "EQUAL_E_EQUAL_LABEL_counter": 1,
        "EQUAL_E_EQUAL_SCORE_counter": 0,
        "EQUAL_E_WITHIN_LABEL_RANGE_counter": 1,
        "EQUAL_T_EQUAL_LABEL_counter": 1,
        "EQUAL_T_EQUAL_SCORE_counter": 0,
        "EQUAL_T_WITHIN_LABEL_RANGE_counter": 1,
        "GT_SUBSET_OF_E_EQUAL_LABEL_counter": 0,
        "GT_SUBSET_OF_E_EQUAL_SCORE_counter": 0,
        "GT_SUBSET_OF_E_WITHIN_LABEL_RANGE_counter": 0,
        "GT_SUBSET_OF_T_EQUAL_LABEL_counter": 0,
        "GT_SUBSET_OF_T_EQUAL_SCORE_counter": 0,
        "GT_SUBSET_OF_T_WITHIN_LABEL_RANGE_counter": 0,
        "GT_SUBSETEQUAL_OF_E_EQUAL_LABEL_counter": 1,
        "GT_SUBSETEQUAL_OF_E_EQUAL_SCORE_counter": 0,
        "GT_SUBSETEQUAL_OF_E_WITHIN_LABEL_RANGE_counter": 1,
        "GT_SUBSETEQUAL_OF_E_WITHIN_RADIUS_RANGE_counter": 0,
        "GT_SUBSETEQUAL_OF_T_EQUAL_LABEL_counter": 1,
        "GT_SUBSETEQUAL_OF_T_EQUAL_SCORE_counter": 0,
        "GT_SUBSETEQUAL_OF_T_WITHIN_LABEL_RANGE_counter": 1,
        "GT_SUBSETEQUAL_OF_T_WITHIN_RADIUS_RANGE_counter": 0,
        "E_SUBSET_OF_GT_EQUAL_LABEL_counter": 0,
        "E_SUBSET_OF_GT_EQUAL_SCORE_counter": 0,
        "E_SUBSET_OF_GT_WITHIN_LABEL_RANGE_counter": 0,
        "T_SUBSET_OF_GT_EQUAL_LABEL_counter": 0,
        "T_SUBSET_OF_GT_EQUAL_SCORE_counter": 0,
        "T_SUBSET_OF_GT_WITHIN_LABEL_RANGE_counter": 0,
        "E_SUBSETEQUAL_OF_GT_EQUAL_LABEL_counter": 1,
        "E_SUBSETEQUAL_OF_GT_EQUAL_SCORE_counter": 0,
        "E_SUBSETEQUAL_OF_GT_WITHIN_LABEL_RANGE_counter": 1,
        "T_SUBSETEQUAL_OF_GT_EQUAL_LABEL_counter": 1,
        "T_SUBSETEQUAL_OF_GT_EQUAL_SCORE_counter": 0,
        "T_SUBSETEQUAL_OF_GT_WITHIN_LABEL_RANGE_counter": 1,
        "E_IDENTICAL_CWE_counter": 1,
        "T_IDENTICAL_CWE_counter": 1,
        "GT_SUBSET_OF_E_counter": 0,
        "GT_SUBSET_OF_T_counter": 0,
        "GT_SUBSETEQUAL_OF_E_counter": 1,
        "GT_SUBSETEQUAL_OF_T_counter": 1,
        "E_SUBSET_OF_GT_counter": 0,
        "T_SUBSET_OF_GT_counter": 0,
        "E_SUBSETEQUAL_OF_GT_counter": 1,
        "T_SUBSETEQUAL_OF_GT_counter": 1,
        "EMPTY_E_counter": 0,
        "EMPTY_T_counter": 0,
        "NON_OVERLAPPED_E_counter": 1,
        "NON_OVERLAPPED_T_counter": 1,
        "OVERLAPPED_E_counter": 0,
        "OVERLAPPED_T_counter": 0,
        "EQUAL_LABEL_counter": 1,
        "EQUAL_SCORE_counter": 0,
        "WITHIN_LABEL_RANGE_counter": 1,
        "WITHIN_RADIUS_RANGE_counter": {
            "0.5": 1,
            "1": 1,
            "1.5": 1
        },
        "EQUAL_E_WITHIN_RADIUS_RANGE_counter_0.5": 1,
        "EQUAL_E_WITHIN_RADIUS_RANGE_counter_1": 1,
        "EQUAL_E_WITHIN_RADIUS_RANGE_counter_1.5": 1,
        "EQUAL_T_WITHIN_RADIUS_RANGE_counter_0.5": 1,
        "EQUAL_T_WITHIN_RADIUS_RANGE_counter_1": 1,
        "EQUAL_T_WITHIN_RADIUS_RANGE_counter_1.5": 1,
        "GT_SUBSET_OF_E_WITHIN_RADIUS_RANGE_counter_0.5": 0,
        "GT_SUBSET_OF_T_WITHIN_RADIUS_RANGE_counter_0.5": 0,
        "E_SUBSET_OF_GT_WITHIN_RADIUS_RANGE_counter_0.5": 0,
        "T_SUBSET_OF_GT_WITHIN_RADIUS_RANGE_counter_0.5": 0,
        "accuracy_severity_score_radius_range_0.5": 0,
        "GT_SUBSET_OF_E_WITHIN_RADIUS_RANGE_counter_1": 0,
        "GT_SUBSET_OF_T_WITHIN_RADIUS_RANGE_counter_1": 0,
        "E_SUBSET_OF_GT_WITHIN_RADIUS_RANGE_counter_1": 0,
        "T_SUBSET_OF_GT_WITHIN_RADIUS_RANGE_counter_1": 0,
        "accuracy_severity_score_radius_range_1": 0,
        "GT_SUBSET_OF_E_WITHIN_RADIUS_RANGE_counter_1.5": 0,
        "GT_SUBSET_OF_T_WITHIN_RADIUS_RANGE_counter_1.5": 0,
        "E_SUBSET_OF_GT_WITHIN_RADIUS_RANGE_counter_1.5": 0,
        "T_SUBSET_OF_GT_WITHIN_RADIUS_RANGE_counter_1.5": 0,
        "accuracy_severity_score_radius_range_1.5": 0,
        "GT_SUBSETEQUAL_OF_E_WITHIN_RADIUS_RANGE_counter_0.5": 1,
        "E_SUBSETEQUAL_OF_GT_WITHIN_RADIUS_RANGE_counter_0.5": 1,
        "GT_SUBSETEQUAL_OF_T_WITHIN_RADIUS_RANGE_counter_0.5": 1,
        "T_SUBSETEQUAL_OF_GT_WITHIN_RADIUS_RANGE_counter_0.5": 1,
        "GT_SUBSETEQUAL_OF_E_WITHIN_RADIUS_RANGE_counter_1": 1,
        "E_SUBSETEQUAL_OF_GT_WITHIN_RADIUS_RANGE_counter_1": 1,
        "GT_SUBSETEQUAL_OF_T_WITHIN_RADIUS_RANGE_counter_1": 1,
        "T_SUBSETEQUAL_OF_GT_WITHIN_RADIUS_RANGE_counter_1": 1,
        "GT_SUBSETEQUAL_OF_E_WITHIN_RADIUS_RANGE_counter_1.5": 1,
        "E_SUBSETEQUAL_OF_GT_WITHIN_RADIUS_RANGE_counter_1.5": 1,
        "GT_SUBSETEQUAL_OF_T_WITHIN_RADIUS_RANGE_counter_1.5": 1,
        "T_SUBSETEQUAL_OF_GT_WITHIN_RADIUS_RANGE_counter_1.5": 1
    },
    "evaluations": [
        {
            "reference_id": 3,
            "valid_evaluation": true,
            "ground_truth_severities": {
                "V3.1": [
                    "HIGH",
                    7.6
                ]
            },
            "ground_truth_CWEs": [
                "CWE-79"
            ],
            "severity_llm_output": {
                "SEVERITY_LABEL": "HIGH",
                "SEVERITY_SCORE": 8
            },
            "cwe_llm_output": {
                "EXACT_CWE_IDS": [
                    "CWE-79"
                ],
                "TOP_FIVE_CWE_IDS": [
                    "CWE-79"
                ]
            },
            "cwe_equality_status": {
                "E": "IDENTICAL",
                "T": "IDENTICAL"
            },
            "severity_label_equality_status": "IDENTICAL",
            "severity_score_equality_status": "NOT_IDENTICAL",
            "severity_score_label_range_equality_status": {
                "type": "IDENTICAL",
                "label_range": [
                    7.0,
                    8.9
                ]
            },
            "severity_score_equality_radius_status": {
                "type": "COVERS",
                "min_radius": 0.5
            }
        },
        {
            "reference_id": 4,
            "valid_evaluation": true,
            "ground_truth_severities": {
                "V3.1": [
                    "MEDIUM",
                    6.3
                ]
            },
            "ground_truth_CWEs": [
                "CWE-862",
                "CWE-285",
                "CWE-863"
            ],
            "severity_llm_output": {
                "SEVERITY_LABEL": "HIGH",
                "SEVERITY_SCORE": 8
            },
            "cwe_llm_output": {
                "EXACT_CWE_IDS": [
                    "CWE-93"
                ],
                "TOP_FIVE_CWE_IDS": [
                    "CWE-93"
                ]
            },
            "cwe_equality_status": {
                "E": "NOT_OVERLAPPED",
                "T": "NOT_OVERLAPPED"
            },
            "severity_label_equality_status": "NOT_IDENTICAL",
            "severity_score_equality_status": "NOT_IDENTICAL",
            "severity_score_label_range_equality_status": {
                "type": "NOT_IDENTICAL",
                "label_range": null
            },
            "severity_score_equality_radius_status": {
                "type": "NOT_COVERS",
                "min_radius": null
            }
        }
    ]
}